[
    {
        "id": "c2af853d54f8d008",
        "type": "tab",
        "label": "Flow 1",
        "disabled": false,
        "info": "",
        "env": []
    },
    {
        "id": "6314de186ed6f443",
        "type": "comment",
        "z": "c2af853d54f8d008",
        "name": "Get",
        "info": "",
        "x": 90,
        "y": 40,
        "wires": []
    },
    {
        "id": "6b2f7188bc0184ea",
        "type": "comment",
        "z": "c2af853d54f8d008",
        "name": "Post",
        "info": "",
        "x": 90,
        "y": 240,
        "wires": []
    },
    {
        "id": "568d70a50d0b7516",
        "type": "http in",
        "z": "c2af853d54f8d008",
        "name": "",
        "url": "/getFaculdade",
        "method": "get",
        "upload": false,
        "swaggerDoc": "",
        "x": 150,
        "y": 100,
        "wires": [
            [
                "e4e5dcb345d63051"
            ]
        ]
    },
    {
        "id": "bfdd1fd7add2c865",
        "type": "http in",
        "z": "c2af853d54f8d008",
        "name": "",
        "url": "/criarFaculdade",
        "method": "post",
        "upload": false,
        "swaggerDoc": "",
        "x": 120,
        "y": 300,
        "wires": [
            [
                "243f33ab78ecf7be"
            ]
        ]
    },
    {
        "id": "3c3fe4aa1764fee0",
        "type": "debug",
        "z": "c2af853d54f8d008",
        "name": "debug 1",
        "active": true,
        "tosidebar": true,
        "console": false,
        "tostatus": false,
        "complete": "payload",
        "targetType": "msg",
        "statusVal": "",
        "statusType": "auto",
        "x": 780,
        "y": 180,
        "wires": []
    },
    {
        "id": "e17f33f999f4dadb",
        "type": "debug",
        "z": "c2af853d54f8d008",
        "name": "debug 2",
        "active": true,
        "tosidebar": true,
        "console": false,
        "tostatus": false,
        "complete": "false",
        "statusVal": "",
        "statusType": "auto",
        "x": 800,
        "y": 380,
        "wires": []
    },
    {
        "id": "6a9883c5ec113692",
        "type": "http response",
        "z": "c2af853d54f8d008",
        "name": "",
        "statusCode": "",
        "headers": {},
        "x": 770,
        "y": 100,
        "wires": []
    },
    {
        "id": "e812cc8e58c657e2",
        "type": "http response",
        "z": "c2af853d54f8d008",
        "name": "",
        "statusCode": "",
        "headers": {},
        "x": 810,
        "y": 300,
        "wires": []
    },
    {
        "id": "4d0241b43c2a45ec",
        "type": "cloudantplus out",
        "z": "c2af853d54f8d008",
        "name": "Anderson20231025",
        "cloudant": "2bed4787da17e0d6",
        "database": "fatest",
        "service": "_ext_",
        "payonly": true,
        "operation": "insert",
        "x": 610,
        "y": 300,
        "wires": [
            [
                "e812cc8e58c657e2",
                "e17f33f999f4dadb"
            ]
        ]
    },
    {
        "id": "243f33ab78ecf7be",
        "type": "switch",
        "z": "c2af853d54f8d008",
        "name": "",
        "property": "payload",
        "propertyType": "msg",
        "rules": [
            {
                "t": "istype",
                "v": "array",
                "vt": "array"
            },
            {
                "t": "else"
            }
        ],
        "checkall": "true",
        "repair": false,
        "outputs": 2,
        "x": 290,
        "y": 300,
        "wires": [
            [
                "d37bb8b34ef360e6"
            ],
            [
                "4d0241b43c2a45ec"
            ]
        ]
    },
    {
        "id": "d37bb8b34ef360e6",
        "type": "split",
        "z": "c2af853d54f8d008",
        "name": "",
        "splt": "\\n",
        "spltType": "str",
        "arraySplt": 1,
        "arraySpltType": "len",
        "stream": false,
        "addname": "",
        "x": 430,
        "y": 260,
        "wires": [
            [
                "4d0241b43c2a45ec"
            ]
        ]
    },
    {
        "id": "e4e5dcb345d63051",
        "type": "cloudantplus in",
        "z": "c2af853d54f8d008",
        "name": "Anderson20231025",
        "cloudant": "2bed4787da17e0d6",
        "database": "fatest",
        "service": "_ext_",
        "search": "_all_",
        "design": "",
        "index": "",
        "x": 450,
        "y": 100,
        "wires": [
            [
                "6a9883c5ec113692",
                "3c3fe4aa1764fee0"
            ]
        ]
    },
    {
        "id": "2bed4787da17e0d6",
        "type": "cloudantplus",
        "host": "https://apikey-v2-1wqtkdecj91p0xubqpub22zkz98dy0ez8qp8bw9b6tx:9677f52c2107fc5f105e98c7035acacf@bbd3c0ee-d0c8-455b-bbd3-8d6d996c2c0a-bluemix.cloudantnosqldb.appdomain.cloud",
        "name": "",
        "useapikey": true
    }
]