[
    {
        "id": "606c9d30e7a02b9b",
        "type": "tab",
        "label": "Trabalhando texto e audio",
        "disabled": false,
        "info": "",
        "env": []
    },
    {
        "id": "caaa1519157894df",
        "type": "inject",
        "z": "606c9d30e7a02b9b",
        "name": "",
        "props": [
            {
                "p": "payload"
            },
            {
                "p": "topic",
                "vt": "str"
            }
        ],
        "repeat": "",
        "crontab": "",
        "once": false,
        "onceDelay": 0.1,
        "topic": "",
        "payload": "Sim",
        "payloadType": "str",
        "x": 90,
        "y": 100,
        "wires": [
            [
                "cb5e7abbd8e4804b"
            ]
        ]
    },
    {
        "id": "cb5e7abbd8e4804b",
        "type": "watson-text-to-speech",
        "z": "606c9d30e7a02b9b",
        "name": "",
        "lang": "pt-BR",
        "langhidden": "pt-BR",
        "langcustom": "NoCustomisationSetting",
        "langcustomhidden": "",
        "voice": "pt-BR_IsabelaVoice",
        "voicehidden": "pt-BR_IsabelaVoice",
        "format": "audio/wav",
        "password": "",
        "apikey": "0_YKnX_DbgUSTEwBVF2EoxdLaqZZ3i3O0RHPdA-MeXjC",
        "payload-response": false,
        "service-endpoint": "https://api.us-south.text-to-speech.watson.cloud.ibm.com/instances/0721396d-3705-4465-b239-7275ecb40979",
        "x": 320,
        "y": 100,
        "wires": [
            [
                "1ccb459011e0aeac"
            ]
        ]
    },
    {
        "id": "1ccb459011e0aeac",
        "type": "play audio",
        "z": "606c9d30e7a02b9b",
        "name": "",
        "voice": "41",
        "x": 630,
        "y": 100,
        "wires": []
    },
    {
        "id": "22ca47efb81a7701",
        "type": "watson-speech-to-text",
        "z": "606c9d30e7a02b9b",
        "name": "",
        "alternatives": 1,
        "speakerlabels": true,
        "smartformatting": false,
        "lang": "pt-BR",
        "langhidden": "pt-BR",
        "langcustom": "NoCustomisationSetting",
        "langcustomhidden": "",
        "custom-weight": "0.5",
        "band": "ShortForm",
        "bandhidden": "",
        "keywords": "",
        "keywords-threshold": "0.5",
        "word-confidence": false,
        "password": "",
        "apikey": "95_yfTB56szniTkIHAa-wnZ7ucQe533jJ6Y0qFtowKkb",
        "payload-response": true,
        "streaming-mode": false,
        "streaming-mute": true,
        "auto-connect": false,
        "discard-listening": false,
        "disable-precheck": false,
        "service-endpoint": "https://api.us-south.speech-to-text.watson.cloud.ibm.com/instances/48027c3f-7d0c-49b7-9db0-fd4b193239df",
        "x": 320,
        "y": 180,
        "wires": [
            [
                "bb8b014fc9bedb6f"
            ]
        ]
    },
    {
        "id": "bb8b014fc9bedb6f",
        "type": "debug",
        "z": "606c9d30e7a02b9b",
        "name": "debug 3",
        "active": true,
        "tosidebar": true,
        "console": false,
        "tostatus": false,
        "complete": "payload",
        "targetType": "msg",
        "statusVal": "",
        "statusType": "auto",
        "x": 620,
        "y": 180,
        "wires": []
    },
    {
        "id": "9cb07304d3488cb1",
        "type": "microphone",
        "z": "606c9d30e7a02b9b",
        "name": "",
        "x": 110,
        "y": 180,
        "wires": [
            [
                "22ca47efb81a7701"
            ]
        ]
    },
    {
        "id": "788648744e4b906f",
        "type": "debug",
        "z": "606c9d30e7a02b9b",
        "name": "debug 4",
        "active": true,
        "tosidebar": true,
        "console": false,
        "tostatus": false,
        "complete": "false",
        "statusVal": "",
        "statusType": "auto",
        "x": 1100,
        "y": 480,
        "wires": []
    },
    {
        "id": "f6088ee2289447a8",
        "type": "microphone",
        "z": "606c9d30e7a02b9b",
        "name": "",
        "x": 110,
        "y": 340,
        "wires": [
            [
                "f3ad5455e66b4389"
            ]
        ]
    },
    {
        "id": "bd675cb710ff1b47",
        "type": "watson-translator",
        "z": "606c9d30e7a02b9b",
        "name": "",
        "action": "translate",
        "basemodel": "ar-en",
        "domain": "general",
        "srclang": "pt",
        "destlang": "en",
        "apikey": "oD70aQweeN0riqKnHwwJlenwN9nLFpUUD0iAkg3hfmWl",
        "custom": "",
        "domainhidden": "general",
        "srclanghidden": "pt",
        "destlanghidden": "en",
        "basemodelhidden": "ar-en",
        "customhidden": "",
        "filetype": "forcedglossary",
        "trainid": "",
        "lgparams2": true,
        "service-endpoint": "https://api.us-south.language-translator.watson.cloud.ibm.com/instances/8d6bde07-505e-4533-904d-3b2c760b9eeb",
        "x": 630,
        "y": 340,
        "wires": [
            [
                "fcc1641b5e104488"
            ]
        ]
    },
    {
        "id": "0ef6b785a8cd332b",
        "type": "inject",
        "z": "606c9d30e7a02b9b",
        "name": "",
        "props": [
            {
                "p": "payload"
            },
            {
                "p": "topic",
                "vt": "str"
            }
        ],
        "repeat": "",
        "crontab": "",
        "once": false,
        "onceDelay": 0.1,
        "topic": "",
        "payload": "Sim",
        "payloadType": "str",
        "x": 90,
        "y": 420,
        "wires": [
            [
                "bd675cb710ff1b47"
            ]
        ]
    },
    {
        "id": "fcc1641b5e104488",
        "type": "watson-translator",
        "z": "606c9d30e7a02b9b",
        "name": "",
        "action": "translate",
        "basemodel": "ar-en",
        "domain": "general",
        "srclang": "en",
        "destlang": "es",
        "apikey": "oD70aQweeN0riqKnHwwJlenwN9nLFpUUD0iAkg3hfmWl",
        "custom": "",
        "domainhidden": "general",
        "srclanghidden": "en",
        "destlanghidden": "es",
        "basemodelhidden": "ar-en",
        "customhidden": "",
        "filetype": "forcedglossary",
        "trainid": "",
        "lgparams2": true,
        "service-endpoint": "https://api.us-south.language-translator.watson.cloud.ibm.com/instances/8d6bde07-505e-4533-904d-3b2c760b9eeb",
        "x": 910,
        "y": 340,
        "wires": [
            [
                "788648744e4b906f",
                "90e1d158436ecf15"
            ]
        ]
    },
    {
        "id": "f3ad5455e66b4389",
        "type": "watson-speech-to-text",
        "z": "606c9d30e7a02b9b",
        "name": "",
        "alternatives": 1,
        "speakerlabels": true,
        "smartformatting": false,
        "lang": "pt-BR",
        "langhidden": "pt-BR",
        "langcustom": "NoCustomisationSetting",
        "langcustomhidden": "",
        "custom-weight": "0.5",
        "band": "BroadbandModel",
        "bandhidden": "BroadbandModel",
        "keywords": "",
        "keywords-threshold": "0.5",
        "word-confidence": false,
        "password": "",
        "apikey": "95_yfTB56szniTkIHAa-wnZ7ucQe533jJ6Y0qFtowKkb",
        "payload-response": true,
        "streaming-mode": false,
        "streaming-mute": true,
        "auto-connect": false,
        "discard-listening": false,
        "disable-precheck": false,
        "service-endpoint": "https://api.us-south.speech-to-text.watson.cloud.ibm.com/instances/48027c3f-7d0c-49b7-9db0-fd4b193239df",
        "x": 320,
        "y": 340,
        "wires": [
            [
                "bd675cb710ff1b47"
            ]
        ]
    },
    {
        "id": "b9e07c4e2a6015f1",
        "type": "comment",
        "z": "606c9d30e7a02b9b",
        "name": "Exercício 1",
        "info": "",
        "x": 80,
        "y": 140,
        "wires": []
    },
    {
        "id": "1094c96943d544e5",
        "type": "comment",
        "z": "606c9d30e7a02b9b",
        "name": "Exercício 1,2, 3 e 4",
        "info": "",
        "x": 110,
        "y": 300,
        "wires": []
    },
    {
        "id": "90e1d158436ecf15",
        "type": "cloudantplus out",
        "z": "606c9d30e7a02b9b",
        "name": "Anderson20231026",
        "cloudant": "2bed4787da17e0d6",
        "database": "fatest",
        "service": "_ext_",
        "payonly": true,
        "operation": "insert",
        "x": 1210,
        "y": 340,
        "wires": [
            [
                "26da220f0c1ff726"
            ]
        ]
    },
    {
        "id": "26da220f0c1ff726",
        "type": "http response",
        "z": "606c9d30e7a02b9b",
        "name": "",
        "statusCode": "",
        "headers": {},
        "x": 1410,
        "y": 340,
        "wires": []
    },
    {
        "id": "2bed4787da17e0d6",
        "type": "cloudantplus",
        "host": "https://apikey-v2-1wqtkdecj91p0xubqpub22zkz98dy0ez8qp8bw9b6tx:9677f52c2107fc5f105e98c7035acacf@bbd3c0ee-d0c8-455b-bbd3-8d6d996c2c0a-bluemix.cloudantnosqldb.appdomain.cloud",
        "name": "",
        "useapikey": true
    }
]